tracked_prof_ids,tracked_prof_names,scopus_id,doi,title,cover_date,year,authors,affiliations
TEC-001,"Molina-Perez, Edmundo",85054406002,10.1080/09535314.2018.1528212,Energy and CO2 emission relationships in the NAFTA trading bloc: a multi-regional multi-factor energy input–output approach,2019-04-03,2019,Zeus Guevara; Edmundo Molina-Pérez; Edith Xio Mara García; Vanessa Pérez-Cirera,Universidad de Guadalajara; Ibero American University; Tecnológico de Monterrey
TEC-001,"Molina-Perez, Edmundo",85149080869,10.1007/978-3-030-05252-2_7,Robust Decision Making (RDM): Application to Water Planning and Climate Policy,2019-01-01,2019,David G. Groves; Edmundo Molina-Pérez; Evan Bloom; Jordan R. Fischbach,RAND Corporation; Tecnológico de Monterrey
TEC-002,"Stein, Ernesto H.",85059861863,10.1016/j.worlddev.2018.12.016,Export take-offs and acceleration: Unpacking cross-sector linkages in the evolution of comparative advantage,2019-05-01,2019,Dany Bahar; Samuel Rosenow; Ernesto Stein; Rodrigo Wagner,Brookings Institution; Harvard University; Inter-American Development Bank; University of Chile
TEC-002,"Stein, Ernesto H.",85073725467,,El desarrollo del capital de riesgo en América Latina y el caribe: Una perspectiva comparada,2019-08-01,2019,Stein E.H.,Departamento de Investigación del Banco Interamericano de Desarrollo
TEC-002,"Stein, Ernesto H.",85102500132,10.18356/3E65E50B-EN,The development of venture capital in latin america and the caribbean: A comparative perspective,2019-01-01,2019,Ernesto Stein; Rodrigo Wagner,Adolfo Ibáñez University
TEC-009,"Popper, Steven W.",85079761824,10.1002/ffo2.22,Robust decision making and scenario discovery in the absence of formal models,2019-09-01,2019,Steven W. Popper,RAND Corporation; RAND School of Public Policy
TEC-009,"Popper, Steven W.",85102800793,10.1007/978-3-030-05252-2_17,Conclusions and Outlook,2019-01-01,2019,Vincent Marchau; Warren E. Walker; Pieter J. T. M. Bloemen; Steven W. Popper,Radboud University Nijmegen; Delft University of Technology; Ministry of Infrastructure and the Environment; Frederick S. Pardee RAND Graduate School; RAND Corporation
TEC-009,"Popper, Steven W.",85133596013,10.1007/978-3-030-05252-2,Decision Making under Deep Uncertainty: From Theory to Practice,2019-01-01,2019,Vincent Marchau; Warren E. Walker; Pieter J. T. M. Bloemen; Steven W. Popper,Radboud University Nijmegen; Delft University of Technology; Ministry of Infrastructure and the Environment; RAND Corporation; Frederick S. Pardee RAND Graduate School
TEC-009,"Popper, Steven W.",85149081793,,Preface,2019-01-01,2019,Marchau V.A.W.J.,Radboud Universiteit
TEC-009,"Popper, Steven W.",85149088221,10.1007/978-3-030-05252-2_1,Introduction,2019-01-01,2019,Vincent Marchau; Warren E. Walker; Pieter J. T. M. Bloemen; Steven W. Popper,Radboud University Nijmegen; Delft University of Technology; Ministry of Infrastructure and the Environment; RAND Corporation; Frederick S. Pardee RAND Graduate School
TEC-009,"Popper, Steven W.",85149091482,10.1007/978-3-030-05252-2_16,Reflections: DMDU and Public Policy for Uncertain Times,2019-01-01,2019,Steven W. Popper,RAND Corporation; Frederick S. Pardee RAND Graduate School
TEC-010,"Peraza-Mues, Gonzalo G.",85076589323,10.1088/1742-5468/ab417e,Sustained rotation in a vibrated disk with asymmetric supports,2019-10-11,2019,Gonzalo Peraza‐Mues; Cristian F. Moukarzel,Polytechnic University of Puerto Rico; Centro de Investigación y de Estudios Avanzados del Instituto Politécnico Nacional
TEC-015,"Ponce-Lopez, Roberto",85061215883,10.1177/0361198119825831,Representing Accessibility: Evidence from Vehicle Ownership Choices and Property Valuations in Singapore,2019-02-01,2019,He He; Roberto Ponce‐Lopez; Jingsi Shaw; Diem-Trinh Le; Joseph Ferreira; P. Christopher Zegras,Massachusetts Institute of Technology; Singapore-MIT Alliance for Research and Technology
TEC-015,"Ponce-Lopez, Roberto",85080867453,10.1016/j.trpro.2019.09.096,Car-lite impacts on housing market and vehicle ownership,2019-01-01,2019,Diem-Trinh Le; Xiaohu Zhang; Roberto Ponce‐Lopez; Jingsi Shaw; P. Chris Zegras; Joseph Ferreira,Singapore-MIT Alliance for Research and Technology; Massachusetts Institute of Technology
TEC-015,"Ponce-Lopez, Roberto",85080905913,10.1016/j.trpro.2019.09.110,Representing accessibility in property valuations and willingness-to-pay,2019-01-01,2019,He He; Roberto Ponce‐Lopez; Le Thi Diem Trinh; Joseph Ferreira; P. Christopher Zegras,Massachusetts Institute of Technology; Singapore-MIT Alliance for Research and Technology
TEC-018,"Diaz-Dominguez, Alejandro",85079649313,10.4067/S0718-090X2019000300517,Power and influence under the prohibition of consecutive reelection the case of the chamber of deputies of Mexico,2019-12-01,2019,Carlos Vázquez Ferrel; Alejandro Díaz Domínguez,Tecnológico de Monterrey
TEC-001,"Molina-Perez, Edmundo",85091903660,10.3389/frobt.2020.00111,Computational Intelligence for Studying Sustainability Challenges: Tools and Methods for Dealing With Deep Uncertainty and Complexity,2020-09-17,2020,Edmundo Molina-Pérez; Oscar A. Esquivel-Flores; Hilda C. Zamora-Maldonado,Tecnológico de Monterrey; Universidad Nacional Autónoma de México
TEC-002,"Stein, Ernesto H.",85081287679,10.1016/j.worlddev.2020.104948,"Public support to R&D, productivity, and spillover effects: Firm-level evidence from Chile",2020-06-01,2020,Gustavo Crespi; Lucas Figal Garone; Alessandro Maffioli; Ernesto Stein,Inter-American Development Bank; Central Bank of Argentina; University of San Andrés
TEC-002,"Stein, Ernesto H.",85097017295,10.1093/publius/pjaa001,Legislating fiscal imbalance: Using tax policy to protect fiscal decentralization in the Argentine Congress,2020-01-01,2020,Alejandro Bonvecchi; Ernesto Calvo; Ernesto Stein,"Consejo Nacional de Investigaciones Científicas y Técnicas; Universidad Torcuato Di Tella; University of Maryland, College Park; Inter-American Development Bank"
TEC-003,"Bernal-Serrano, Daniel",85082420113,10.3390/vaccines8010124,Safety of administering live vaccines during pregnancy: A systematic review and meta-analysis of pregnancy outcomes,2020-03-01,2020,Almudena Laris-González; Daniel Bernal-Serrano; Alexander Jarde; Beate Kampmann,University of London; London School of Hygiene & Tropical Medicine; Hospital Infantil de México Federico Gómez; Tecnológico de Monterrey; MRC Unit the Gambia
TEC-003,"Bernal-Serrano, Daniel",85178581000,,NON-SURGICAL TREATMENT OF NASH: THE OTHER OPTIONS,2020-01-01,2020,Bernal-Reyes R.,Universidad Nacional Autónoma de México; Instituto Mexicano del Seguro Social; Spanish Charitable Society
TEC-004,"Aguilar-Gomez, Sandra",85060945338,10.1136/tobaccocontrol-2018-054686,Estimating the long-run relationship between state cigarette taxes and county life expectancy,2020-01-01,2020,Aaron Baum; Sandra Aguilar-Gómez; James Lightwood; Emilie Bruzelius; Stanton A. Glantz; Sanjay Basu,"Mount Sinai Health System; Icahn School of Medicine at Mount Sinai; Columbia University; University of California, San Francisco; Stanford University"
TEC-004,"Aguilar-Gomez, Sandra",85094846915,10.1371/journal.pone.0239914,"Period teasing, stigma and knowledge: A survey of adolescent boys and girls in Northern Tanzania",2020-10-01,2020,Anja Benshaul-Tolonen; Sandra Aguilar-Gómez; Naomi Heller Batzer; Rebecca Cai; Elias C. Nyanza,Columbia University; Barnard College; Catholic University of Health and Allied Sciences
TEC-010,"Peraza-Mues, Gonzalo G.",85088362442,10.1103/PhysRevLett.125.028001,Rotational Transport via Spontaneous Symmetry Breaking in Vibrated Disk Packings,2020-07-10,2020,Cristian F. Moukarzel; Gonzalo Peraza‐Mues; O. Carvente,Centro de Investigación y de Estudios Avanzados del Instituto Politécnico Nacional; Autonomous University of Yucatán
TEC-012,"Benavides-Rincon, Guillermina",85082707756,10.1016/j.futures.2020.102544,Work/family life by 2040: Between a gig economy and traditional roles,2020-05-01,2020,Guillermina Benavides Rincón; Yolanda Montes Martínez,Tecnológico de Monterrey
TEC-014,"Contreras-Loya, David",85088942375,10.1016/j.diabres.2020.108336,"Cost-effectiveness analysis of a multidisciplinary health-care model for patients with type-2 diabetes implemented in the public sector in Mexico: A quasi-experimental, retrospective evaluation",2020-09-01,2020,Sandra G. Sosa‐Rubí; David Contreras-Loya; D. Pedraza-Arizmendi; Carlos Chivardi-Moreno; Fernando Alarid‐Escudero; Ruy López‐Ridaura; Edson Serván‐Mori; Virginia Molina; María Guadalupe Casales-Hernández; C. Espinosa-López; Jesús Felipe González-Roldán; Rubén Silva-Tinoco; Jacqueline A. Seiglie; Octavio Gómez‐Dantés,"University of California, Berkeley; Centro de Investigación y Docencia Económicas; National Institute of Public Health; Universidad Panamericana; Direccion General de Epidemiologia; Ministry of Health; Harvard University; Massachusetts General Hospital"
TEC-016,"Gomez-Zaldivar, Fernando",85094131110,10.4067/s0718-52862020000200221,"Spillover effects of economic complexity on the per capita gdp growth rates of mexican states, 1993-2013",2020-12-01,2020,Manuel Gómez‐Zaldívar; Felipe J. Fonseca; Marco T. Mosqueda; Fernando Gómez-Zaldívar,Universidad de Guanajuato; Bank of Mexico; Tecnológico de Monterrey
TEC-017,"Syme, James",85083209217,10.1080/01944363.2020.1727766,"Meeting Climate, Mobility, and Equity Goals in Transportation Planning Under Wide-Ranging Scenarios: A Demonstration of Robust Decision Making",2020-07-02,2020,Robert J. Lempert; James Syme; George Mazur; Debra Knopman; Garett Ballard-Rosa; Kacey Lizon; Ifeanyi Edochie,
TEC-018,"Diaz-Dominguez, Alejandro",85088167128,10.1007/s41603-020-00096-1,Religious Basis of Party Identification in Latin America: Denominations and Dimensions,2020-06-01,2020,Alejandro Díaz Domínguez,Tecnológico de Monterrey
TEC-018,"Diaz-Dominguez, Alejandro",85091137199,,Did religious voters turn to amlo in 2018? An empirical analysis,2020-09-18,2020,Domínguez A.D.,Tecnológico de Monterrey
TEC-018,"Diaz-Dominguez, Alejandro",85111155172,10.1177/1866802X20913287,Authoritarian Recall: Mexico's Drug War and Subnational Patterns of Opposition to Democracy,2020-04-01,2020,Jonathan T. Hiskey; Mary Fran T. Malone; Alejandro Díaz Domínguez,Vanderbilt University; University of New Hampshire; Tecnológico de Monterrey
TEC-019,"Silverio-Murillo, Adan",85077001500,10.1016/j.econlet.2019.108891,"Do spouses negotiate in the shadow of the law? Evidence from unilateral divorce, suicides, and homicides in Mexico",2020-02-01,2020,Lauren Hoehn‐Velasco; Adan Silverio‐Murillo,Bryn Mawr College; Tecnológico de Monterrey
TEC-021,"De Unánue, Adolfo",85083545287,10.1038/s41598-020-62729-x,Predictive Analytics for Retention in Care in an Urban HIV Clinic,2020-12-01,2020,Arthi Ramachandran; Avishek Kumar; Hannes Koenig; Adolfo De Unánue; Christina Sung; Joe Walsh; John A. Schneider; Rayid Ghani; Jessica P. Ridgway,University of Chicago
TEC-001; TEC-016,"Gomez-Zaldivar, Fernando; Molina-Perez, Edmundo",85097311685,10.1080/08853908.2020.1851328,Evolution of the Productive Capabilities of Mexico: Economic Complexity Analysis for the Development of Special Economic Zones (SEZ),2021-01-01,2021,Fernando Gómez-Zaldívar; Edmundo Molina-Pérez,Tecnológico de Monterrey
TEC-002,"Stein, Ernesto H.",85100432484,10.1016/j.jinteco.2021.103428,How issue framing shapes trade attitudes: Evidence from a multi-country survey experiment,2021-03-01,2021,Marisol Rodríguez Chatruc; Ernesto Stein; Razvan Vlaicu,Inter-American Development Bank
TEC-003,"Bernal-Serrano, Daniel",85100063900,10.1016/S0140-6736(21)00188-4,SARS-CoV-2 serosurveys in low-income and middle-income countries,2021-01-30,2021,Jean Claude Mugunga; Kartik Tyagi; Daniel Bernal-Serrano; Nidia Correa; Matias Iberico; Frederick Kateera; Fèrnet Leandre; Megan Murray; Jean Christophe Dimitri Suffrin; Bethany Hedt‐Gauthier,Harvard University; Brigham and Women's Hospital; Partners In Health; Harvard Global Health Institute; Center for Health and Gender Equity; University of North Carolina at Chapel Hill; Tecnológico de Monterrey
TEC-008,"Santos, Miguel Angel",85099595789,10.1016/j.jbusres.2021.01.003,Place-specific determinants of income gaps: New sub-national evidence from Mexico,2021-07-01,2021,Ricardo Hausmann; Carlo Pietrobelli; Miguel Ángel Santos,Dana-Farber/Harvard Cancer Center
TEC-009,"Popper, Steven W.",85124884182,10.1002/ffo2.81,Forecasts and decisions: A commentary on Lustick and Tetlock 2021,2021-06-01,2021,Steven W. Popper; Robert J. Lempert; Paul K Davis; Tim McDonald,RAND School of Public Policy
TEC-012,"Benavides-Rincon, Guillermina",85099251789,10.14198/OBETS2020.15.2.08,Urban social movements as a critical agent for city planning: Towards a sustainable development of the deusto ribera and zorrotzaurre by 2030,2021-01-01,2021,Addí Villebaldo Mireles Puga; Guillermina Benavides Rincón; Almudena Garrido Díez,Tecnológico de Monterrey; Universidad de Deusto
TEC-013,"Morales-Arilla, Jose",85116305074,10.1145/3460112.3471984,Is remote work in high demand? Evidence from job postings during COVID-19,2021-06-28,2021,José Morales-Arilla; Carlos Daboin,Harvard University Press; Brookings Institution
TEC-014,"Contreras-Loya, David",85100576101,10.1007/s10729-020-09541-1,"Efficiency, quality, and management practices in health facilities providing outpatient HIV services in Kenya, Nigeria, Rwanda, South Africa and Zambia",2021-03-01,2021,Sandra G. Sosa‐Rubí; Sergio Bautista‐Arredondo; Carlos Chivardi-Moreno; David Contreras-Loya; Gina La Hera-Fuentes; Marjorie Opuni,"Instituto Nacional de Salud Pública; Berkeley Public Health Division; University of California, Berkeley; Coffs Harbour City Council"
TEC-014,"Contreras-Loya, David",85120686172,10.1371/journal.pone.0260571,"Characterizing health care provider knowledge: Evidence from HIV services in Kenya, Rwanda, South Africa, and Zambia",2021-12-01,2021,Carlos Pineda‐Antúnez; David Contreras-Loya; Alejandra Rodríguez-Atristain; Marjorie Opuni; Sergio Bautista‐Arredondo,"University of California, Berkeley"
TEC-015,"Ponce-Lopez, Roberto",85094980708,10.1177/2399808320970209,Identifying spatio-temporal hotspots of human activity that are popular non-work destinations,2021-03-01,2021,Roberto Ponce‐Lopez; Joseph Ferreira,Massachusetts Institute of Technology; Tecnológico de Monterrey
TEC-015,"Ponce-Lopez, Roberto",85101502750,10.1016/j.cities.2021.103158,Identifying and characterizing popular non-work destinations by clustering cellphone and point-of-interest data,2021-06-01,2021,Roberto Ponce‐Lopez; Joseph Ferreira,Tecnológico de Monterrey; Massachusetts Institute of Technology
TEC-015,"Ponce-Lopez, Roberto",85102875685,10.5198/jtlu.2021.1791,A framework to generate virtual cities as sandboxes for land use-transport interaction models,2021-01-01,2021,Rounaq Basu; Roberto Ponce‐Lopez; Joseph Ferreira,Massachusetts Institute of Technology; Tecnológico de Monterrey
TEC-015,"Ponce-Lopez, Roberto",85112569256,10.1016/j.uclim.2021.100947,"Urban form, land use, and cover change and their impact on carbon emissions in the Monterrey Metropolitan area, Mexico",2021-09-01,2021,Alejandro Carpio; Roberto Ponce‐Lopez; Diego F. Lozano-García,Tecnológico de Monterrey
TEC-016,"Gomez-Zaldivar, Fernando",85123447016,10.52324/001c.21211,The Relationship between Economic Complexity and the Pattern of Foreign Direct Investment Flows among Mexican States,2021-01-01,2021,Manuel Gómez‐Zaldívar; Irving Llamosas‐Rosas; Fernando Gómez-Zaldívar,Universidad de Guanajuato; Bank of Mexico; Bank of Brazil; Tecnológico de Monterrey
TEC-017,"Syme, James",85120641367,10.1016/j.crm.2021.100383,"Adaptive water management in the face of uncertainty: Integrating machine learning, groundwater modeling and robust decision making",2021-01-01,2021,Michelle E. Miro; David G. Groves; Bob Tincher; James Syme; Stephanie A. Tanverakul; David Catt,RAND Corporation
TEC-019,"Silverio-Murillo, Adan",85092215880,10.1016/j.jcrimjus.2020.101745,Druglords don't stay at home: COVID-19 pandemic and crime patterns in Mexico City,2021-01-01,2021,José Roberto Balmori de la Miyar; Lauren Hoehn‐Velasco; Adan Silverio‐Murillo,Universidad Anáhuac; Georgia State University; Tecnológico de Monterrey
TEC-019,"Silverio-Murillo, Adan",85099199795,10.1016/j.econlet.2021.109729,COVID-19 and women's health: Examining changes in mental health and fertility,2021-02-01,2021,Adan Silverio‐Murillo; Lauren Hoehn‐Velasco; José Roberto Balmori de la Miyar; Abel Rodriguez Tirado,Tecnológico de Monterrey; Georgia State University; Universidad Anáhuac
TEC-019,"Silverio-Murillo, Adan",85099577081,10.1016/j.jeconbus.2021.105983,The long downturn: The impact of the great lockdown on formal employment,2021-05-01,2021,Lauren Hoehn‐Velasco; Adan Silverio‐Murillo; José Roberto Balmori de la Miyar,Georgia State University; Tecnológico de Monterrey; Universidad Anáhuac
TEC-019,"Silverio-Murillo, Adan",85103076020,10.1016/j.ehb.2021.100991,"The great crime recovery: Crimes against women during, and after, the COVID-19 lockdown in Mexico",2021-05-01,2021,Lauren Hoehn‐Velasco; Adan Silverio‐Murillo; José Roberto Balmori de la Miyar,Georgia State University; Tecnológico de Monterrey; Universidad Anáhuac
TEC-019,"Silverio-Murillo, Adan",85107955266,10.1016/j.socscimed.2021.114040,COVID-19 blues: Lockdowns and mental health-related google searches in Latin America,2021-07-01,2021,Adan Silverio‐Murillo; Lauren Hoehn‐Velasco; Abel Rodriguez Tirado; José Roberto Balmori de la Miyar,Tecnológico de Monterrey; Georgia State University; Universidad Anáhuac
TEC-019,"Silverio-Murillo, Adan",85109038263,10.1186/s40163-021-00147-8,The U-shaped crime recovery during COVID-19: evidence from national crime rates in Mexico,2021-12-01,2021,José Roberto Balmori de la Miyar; Lauren Hoehn‐Velasco; Adan Silverio‐Murillo,Universidad Anáhuac; Georgia State University; Tecnológico de Monterrey
TEC-020,"Villarreal, Héctor J.",85104267815,10.22201/IIEC.20078951E.2021.ESPECIAL.69803,Measuring fiscal space in Mexico,2021-03-01,2021,Héctor Juan Villarreal; Sunny A. Villa,Estudios Clínicos Latinoamérica; Junta de Andalucía; Tecnológico de Monterrey
TEC-021,"De Unánue, Adolfo",85133023601,10.1017/dap.2020.23,A recommendation and risk classification system for connecting rough sleepers to essential outreach services,2021-01-22,2021,Harrison Wilde; Lushi Chen; Austin Nguyen; Zoe Kimpel; Joshua Sidgwick; Adolfo De Unánue; Davide Veronese; Bilal A. Mateen; Rayid Ghani; Sebastian J. Vollmer,University of Warwick; University of Edinburgh; Northwestern University; The Alan Turing Institute; Instituto Tecnológico Autónomo de México; Harvard University Press; Carnegie Mellon University
TEC-001,"Molina-Perez, Edmundo",85126645926,10.1016/j.cosust.2022.101172,Unveiling uncertainties to enhance sustainability transformations in infrastructure decision-making,2022-04-01,2022,Luís Tapia; Hallie Eakin; Patrick M. Reed; Yosune Miquelajauregui; Ileana Grave; Tatiana Merino-Benítez; Edmundo Molina-Pérez,Instituto de Ecología; Universidad Nacional Autónoma de México; Arizona State University; Cornell University; Tecnológico de Monterrey
TEC-003,"Bernal-Serrano, Daniel",85097923411,10.1080/17441692.2020.1864751,Structural competency and global health education,2022-01-01,2022,Michael Harvey; J Neff; Kelly R. Knight; Joia S. Mukherjee; Sriram Shamasunder; Phuoc Le; Robin Tittle; Yogesh Jain; Héctor Carrasco; Daniel Bernal-Serrano; Tinashe Goronga; Seth M. Holmes,"Temple University; University of California, San Francisco; Brigham and Women's Hospital; Harvard University; Harvard Global Health Institute; University of California, Berkeley; Portland VA Medical Center; Tecnológico de Monterrey; Centre for Sexual Health and HIV AIDS Research"
TEC-003,"Bernal-Serrano, Daniel",85124437577,10.2471/BLT.21.286774,"Childhood immunization during the COVID-19 pandemic: Experiences in Haiti, Lesotho, Liberia and Malawi",2022-02-01,2022,Emilia Connolly; Emma Boley; Donald Luke Fejfar; Prince Varney; Moses Aron; Isabel Fulcher; Wesler Lambert; Melino Ndayizigiye; Michael Law; Jean-Claude Mugunga; Bethany Hedt-Gauthier,Harvard University; Harvard Global Health Institute; Partners In Health; University of British Columbia
TEC-003,"Bernal-Serrano, Daniel",85141461136,10.1016/S0140-6736(22)02167-5,Latin America needs evidence-supported health-care policies,2022-11-12,2022,Daniel Bernal-Serrano; Héctor Arreola‐Ornelas,Tecnológico de Monterrey
TEC-004,"Aguilar-Gomez, Sandra",85141338067,10.1146/annurev-resource-111820-021816,This Is Air: The Nonhealth Effects of Air Pollution,2022-01-01,2022,Sandra Aguilar-Gómez; Holt Dwyer; Joshua Graff Zivin; Matthew Neidell,Universidad de Los Andes; University of California San Diego; Columbia University
TEC-004,"Aguilar-Gomez, Sandra",85175782214,10.1371/journal.pgph.0000110,"Biological, material and socio-cultural constraints to effective menstrual hygiene management among secondary school students in Tanzania",2022-03-01,2022,W. P. K. Flndlay; J. H. Blrkinshaw; Robyn Webb,Barnard College
TEC-010,"Peraza-Mues, Gonzalo G.",85119351294,10.1016/j.physa.2021.126577,Precursor nuclei on the bottom of a vibrating container: The onset of granular self-assembly crystallization,2022-02-15,2022,H. A. Pacheco-Martinez; Gonzalo Peraza‐Mues; F. Peñuñuri; O. Carvente,Autonomous University of Yucatán
TEC-012; TEC-018,"Benavides-Rincon, Guillermina; Diaz-Dominguez, Alejandro",85120163244,10.1016/j.futures.2021.102872,Assessing futures literacy as an academic competence for the deployment of foresight competencies,2022-01-01,2022,Guillermina Benavides Rincón; Alejandro Díaz Domínguez,Tecnológico de Monterrey
TEC-015,"Ponce-Lopez, Roberto",85134506183,10.2478/jtes-2022-0005,Preserving World Cultural Heritage: Social Justice and Sustainability Competencies via Socially-Oriented Interdisciplinary Education,2022-06-01,2022,Patricia Vázquez‐Villegas; M. Ileana Ruiz-Cantisani; Patricia Caratozzolo; Vianney Lara-Prieto; Roberto Ponce‐Lopez; Mariajulia Martínez-Acosta; Anthony Torres; Vedaraman Sriraman; Araceli Martínez-Ortiz; Jorge Membrillo‐Hernández,Institute for the Future; Tecnológico de Monterrey; Texas State University; The University of Texas at San Antonio
TEC-015,"Ponce-Lopez, Roberto",85143762500,10.1109/FIE56618.2022.9962444,Developing Skills for Industry 4.0: Challenges and Opportunities in Engineering Education,2022-01-01,2022,Patricia Caratozzolo; Vianney Lara-Prieto; Cecilia Martinez-Leon; Jorge Rodríguez‐Ruiz; Roberto Ponce; Patricia Vázquez‐Villegas; Jorge Membrillo‐Hernández,"Institute for the Future; Tecnológico de Monterrey; University at Buffalo, State University of New York"
TEC-017,"Syme, James",85121971882,10.1016/j.crm.2021.100389,"Corrigendum to ""Adaptive water management in the face of uncertainty: Integrating machine learning, groundwater modeling and robust decision making"" [Clim. Risk Manage. 34 (2021) 100383] (Climate Risk Management (2021) 34, (S2212096321001121), (10.1016/j.crm.2021.100383))",2022-01-01,2022,Michelle E. Miro; David G. Groves; Bob Tincher; James Syme; Stephanie A. Tanverakul; David Catt,RAND Corporation
TEC-019,"Silverio-Murillo, Adan",85119350591,10.1108/IJCMA-05-2021-0075,Conflict resolution under the COVID-19 pandemic,2022-03-15,2022,José Roberto Balmori de la Miyar; Lauren Hoehn‐Velasco; Adan Silverio‐Murillo,Universidad Anáhuac; Georgia State University; Tecnológico de Monterrey
TEC-019,"Silverio-Murillo, Adan",85123848087,10.1007/s11150-022-09600-2,"The impact of the COVID-19 recession on Mexican households: evidence from employment and time use for men, women, and children",2022-09-01,2022,Lauren Hoehn‐Velasco; Adan Silverio‐Murillo; José Roberto Balmori de la Miyar; Jacob Penglase,Georgia State University; Tecnológico de Monterrey; Universidad Anáhuac; San Diego State University
TEC-019,"Silverio-Murillo, Adan",85125553372,10.1089/chi.2021.0048,Family Factors Affecting the Transition of Children from Normal Weight to Obesity in Mexico,2022-03-01,2022,Carlos Brambila-Paz; Domingo Faustino Hernández-Ángeles; Adan Silverio‐Murillo; Abel Rodriguez Tirado,Tecnológico de Monterrey
TEC-019,"Silverio-Murillo, Adan",85132852526,10.1111/rode.12907,Remittances and domestic violence,2022-11-01,2022,Adan Silverio‐Murillo; José Roberto Balmori de la Miyar,Tecnológico de Monterrey; Universidad Anáhuac
TEC-001,"Molina-Perez, Edmundo",85163280047,10.1038/s43588-023-00460-z,Harnessing the power of decision-support tools to trigger climate action,2023-06-01,2023,Edmundo Molina-Pérez,Tecnológico de Monterrey
TEC-001,"Molina-Perez, Edmundo",85164252140,10.1016/j.gloenvcha.2023.102727,Knowledge co-production for decision-making in human-natural systems under uncertainty,2023-09-01,2023,Enayat A. Moallemi; Fateme Zare; Aniek Hebinck; Katrina Szetey; Edmundo Molina-Pérez; Romy Zyngier; Michalis Hadjikakou; Jan Kwakkel; Marjolijn Haasnoot; Kelly K. Miller; David G. Groves; Peat Leith; Brett A. Bryan,Commonwealth Scientific and Industrial Research Organisation; UNSW Sydney; Erasmus University Rotterdam; Tecnológico de Monterrey; Deakin University; Delft University of Technology; Utrecht University; Deltares; World Bank
TEC-001; TEC-011; TEC-021,"De Unánue, Adolfo; Molina-Perez, Edmundo; Sobrino, Fernanda",85173298682,10.1371/journal.pone.0290683,Cognitive modeling for understanding interactions between people and decision support tools in complex and uncertain environments: A study protocol,2023-10-01,2023,Isaac Molina; Edmundo Molina-Pérez; Fernanda Sobrino; Mario Arturo Téllez Rojas; Luis Serra-Barragán; Alejandra Mitzi Castellón-Flores; Yessica Orozco; Adolfo De Unánue; Fatima Rojas-Iturria,Tecnológico de Monterrey; Instituto Politécnico Nacional; Universidad Nacional Autónoma de México
TEC-001; TEC-011; TEC-021,"De Unánue, Adolfo; Molina-Perez, Edmundo; Sobrino, Fernanda",85173762989,10.3389/fpsyg.2023.1156696,"Current research trends on cognition, integrative complexity, and decision-making: a systematic literature review using activity theory and neuroscience",2023-01-01,2023,Isaac Molina; Edmundo Molina-Pérez; Fernanda Sobrino; Mario Arturo Téllez Rojas; Hilda C. Zamora-Maldonado; María Plaza-Ferreira; Yessica Orozco; Victor Espinoza-Juarez; Luis Serra-Barragán; Adolfo De Unánue,Tecnológico de Monterrey; Universidad Nacional Autónoma de México
TEC-003; TEC-014,"Bernal-Serrano, Daniel; Contreras-Loya, David",85149311089,10.1016/S2214-109X(23)00104-3,The effect of public policy on high BMI trends of Mexican children: an interrupted time series analysis,2023-03-01,2023,Daniel Bernal-Serrano; David Contreras-Loya; Daniel Choperena-Aguilar; Héctor Arreola‐Ornelas; Gustavo A. Merino-Juárez,Tecnológico de Monterrey
TEC-003; TEC-014,"Bernal-Serrano, Daniel; Contreras-Loya, David",85184896165,10.24875/GMM.23000397,Burden of overweight and obesity in Mexico from 1990 to 2021,2023-11-01,2023,Héctor Arreola‐Ornelas; Gustavo A. Merino-Juárez; David Contreras-Loya; Oscar Méndez-Carniado; Linda Morales‐Juárez; Daniel Bernal-Serrano; Klaudia A Arizmendi-Barrera; Carolina Galarza Vargas; Christian Razo; Felícia Marie Knaul; Emmanuela Gakidou; Xiaochen Dai; Rebecca M Cogen; Noah Ahmad,Tecnológico de Monterrey; Mexfam; University of Washington; Institute for Health Metrics and Evaluation; University of Miami
TEC-003; TEC-014,"Bernal-Serrano, Daniel; Contreras-Loya, David",85185861703,10.24875/GMM.M24000836,La carga del sobrepeso y la obesidad en México de 1990 a 2021,2023-01-01,2023,Héctor Arreola‐Ornelas; Gustavo A. Merino-Juárez; David Contreras-Loya; Oscar Méndez-Carniado; Linda Morales‐Juárez; Daniel Bernal-Serrano; Klaudia A Arizmendi-Barrera; Carolina Galarza Vargas; Christian Razo; Felícia Marie Knaul; Emmanuela Gakidou; Xiaochen Dai; Rebecca M Cogen; Noah Ahmad,Tecnológico de Monterrey; Mexfam; College of Mexico; University of Washington; Institute for Health Metrics and Evaluation; University of Miami; Institute for Advanced Study
TEC-004,"Aguilar-Gomez, Sandra",85173457368,10.1016/j.jebo.2023.09.009,The evolution and persistence of women's roles: Evidence from the Gold Rush,2023-11-01,2023,Sandra Aguilar-Gómez; Anja Benshaul-Tolonen,Universidad de Los Andes; Columbia University; Barnard College
TEC-009,"Popper, Steven W.",85180814477,10.1007/978-3-031-47058-5_19,Selective Openness in the Additive Manufacturing Industry: An Exploratory Modeling Analysis,2023-01-01,2023,Pedro Nascimento de Lima; Rafael Teixeira; Maria Isabel Wolf Motta Morandi; Daniel Pacheco Lacerda; Steven W. Popper,RAND Corporation; College of Charleston; Universidade do Vale do Rio dos Sinos
TEC-010; TEC-015; TEC-016,"Gomez-Zaldivar, Fernando; Peraza-Mues, Gonzalo G.; Ponce-Lopez, Roberto",85149643015,10.3389/feduc.2023.1029234,Knowledge based urban development: An approach to innovation districts based on education,2023-01-01,2023,Roberto Ponce‐Lopez; Gonzalo Peraza‐Mues; Fernando Gómez-Zaldívar; Jorge Membrillo‐Hernández; Alejandro Acuña López; Patricia Caratozzolo,Tecnológico de Monterrey
TEC-012; TEC-018,"Benavides-Rincon, Guillermina; Diaz-Dominguez, Alejandro",85115340664,10.1177/14789299211044012,Academic Career Advances and Gender Gap,2023-02-01,2023,Guillermina Benavides Rincón; Alejandro Díaz Domínguez,Tecnológico de Monterrey
TEC-013,"Morales-Arilla, Jose",85161905289,10.1016/j.jinteco.2023.103775,Export side effects of wars on organized crime: The case of Mexico,2023-09-01,2023,Jesús Gorrín; José Morales-Arilla; Bernardo Ricca,University of Warwick; Princeton University; Insper
TEC-016,"Gomez-Zaldivar, Fernando",85156215620,10.22201/IIEC.20078951E.2023.213.69951,The evolution of manufacturing in Guanajuato: economic complexity and municipal industrial strategies,2023-01-01,2023,Fernando Gómez-Zaldívar; Manuel de J. Gómez-Zaldívar,Tecnológico de Monterrey; Universidad de Guanajuato
TEC-016,"Gomez-Zaldivar, Fernando",85159682766,10.52324/001c.74885,"Municipal Economic Complexity in Mexico: Productive Capabilities, Wealth, Economic Growth, and Business Sophistication",2023-01-01,2023,Manuel Gómez‐Zaldívar; Fernando Gómez-Zaldívar,Universidad de Guanajuato; Tecnológico de Monterrey
TEC-018,"Diaz-Dominguez, Alejandro",85159600441,10.1093/jcs/csad001,Mexico's Supreme Court Decisions During the Cristero Rebellion,2023-01-01,2023,Alejandro Díaz Domínguez,Tecnológico de Monterrey
TEC-018,"Diaz-Dominguez, Alejandro",85162003789,10.22201/iij.24484881e.2023.48.18039,"Determinants of the Appointments to Mexico' Supreme Court of Justice, 1995-2021",2023-01-01,2023,Alejandro Díaz Domínguez; Camilo Saavedra Herrera,Vanderbilt University; Tecnológico de Monterrey
TEC-019,"Silverio-Murillo, Adan",85136497861,10.1111/rsp3.12570,Disputes between neighbors in Mexican cities during the COVID-19 pandemic,2023-04-01,2023,Adan Silverio‐Murillo; Lauren Hoehn‐Velasco; José Roberto Balmori de la Miyar,Tecnológico de Monterrey; Georgia State University; Universidad Anáhuac
TEC-019,"Silverio-Murillo, Adan",85152672903,10.1007/s11150-023-09652-y,Marriage and divorce during a pandemic: the impact of the COVID-19 pandemic on marital formation and dissolution in Mexico,2023-09-01,2023,Lauren Hoehn‐Velasco; José Roberto Balmori de la Miyar; Adan Silverio‐Murillo; Sherajum Monira Farin,Georgia State University; Universidad Anáhuac; Tecnológico de Monterrey
TEC-019,"Silverio-Murillo, Adan",85163913978,10.1093/pubmed/fdac115,Non-COVID-19 deaths in times of pandemic,2023-06-01,2023,Adan Silverio‐Murillo; José Roberto Balmori de la Miyar; Alejandra Martínez-Alfaro,Tecnológico de Monterrey; Universidad Anáhuac
TEC-019,"Silverio-Murillo, Adan",85164724895,10.1080/08832323.2023.2209832,Estimating the impact of the COVID-19 pandemic on educational outcomes for undergraduate business programs in Mexico,2023-01-01,2023,José Roberto Balmori de la Miyar; Daniel Prudencio; Adan Silverio‐Murillo,Universidad Anáhuac; Tecnológico de Monterrey
TEC-019,"Silverio-Murillo, Adan",85173482152,10.1016/j.jhealeco.2023.102817,Health outcomes and provider choice under full practice authority for certified nurse-midwives,2023-12-01,2023,Lauren Hoehn‐Velasco; Diana Jolles; Alicia Plemmons; Adan Silverio‐Murillo,Georgia State University; Frontier Nursing University; West Virginia University; Tecnológico de Monterrey
TEC-020,"Villarreal, Héctor J.",85171253411,10.1016/S2214-109X(23)00330-3,Catastrophic health expenditure during the COVID-19 pandemic in five countries: a time-series analysis,2023-10-01,2023,Annie Haakenstad; Corinne Bintz; Megan Knight; Kelly Bienhoff; Horacio Chacón‐Torrico; Walter H. Curioso; Joseph L. Dieleman; Anna Gage; Emmanuela Gakidou; Simon I Hay; Nathaniel J Henry; Akram Hernández‐Vásquez; Judith Senyacen Méndez Méndez; Héctor J. Villarreal; Rafael Lozano,University of Washington; Institute for Health Metrics and Evaluation; Universidad San Ignacio de Loyola; Federal Government of Mexico
TEC-001,"Molina-Perez, Edmundo",85185156225,10.1016/j.ecolecon.2024.108115,"The economics of decarbonizing Costa Rica's agriculture, forestry and other land uses sectors",2024-04-01,2024,Onil Banerjee; Martín Cicowiez; Renato Vargas; Edmundo Molina-Pérez; Kenneth J. Bagstad; Žiga Malek,Universidad Nacional de La Plata; Tecnológico de Monterrey; Geosciences and Environmental Change Science Center; United States Geological Survey; Vrije Universiteit Amsterdam
TEC-001,"Molina-Perez, Edmundo",85205243852,10.3389/fclim.2024.1380079,How media narratives can be used in Decision Making under Deep Uncertainty practice?,2024-01-01,2024,Edmundo Molina-Pérez; Robert J. Lempert; Jody Chin Sing Wong,Tecnológico de Monterrey; RAND Corporation
TEC-001; TEC-011,"Molina-Perez, Edmundo; Sobrino, Fernanda",85214999919,10.3389/fpsyg.2024.1450703,Integrative and syntactic complexity's role in decision-making under uncertainty,2024-01-01,2024,Alejandra Mitzi Castellón-Flores; Edmundo Molina-Pérez; Isaac Molina; Pedro Manuel Cortes; Fernanda Sobrino; Luis Serra-Barragán,Tecnológico de Monterrey
TEC-001; TEC-017,"Molina-Perez, Edmundo; Syme, James",85194188327,10.3389/fclim.2024.1339877,Job creation and decarbonization synergies in Latin America: a simulation-based exploratory modeling analysis,2024-01-01,2024,Fernando Esteves; Edmundo Molina-Pérez; Nidhi Kalra; James Syme; Adrien Vogt‐Schilb,RAND School of Public Policy; Tecnológico de Monterrey; RAND Corporation; Inter-American Development Bank
TEC-003,"Bernal-Serrano, Daniel",85182646901,10.1186/s12913-024-10590-3,"Evaluation of the implementation of a community health worker-led COVID-19 contact tracing intervention in Chiapas, Mexico, from March 2020 to December 2021",2024-12-01,2024,Zeus Aranda; Sandra Vázquez Toledo; Anuraag Gopaluni; Laura Martínez; Mayra Lorena Pedraza Ramírez; Ariwame Jimenez; Daniel Bernal-Serrano; Ana Laura Rodríguez; Selene Chacón; Bruno Vargas; Isabel Fulcher; Dale A. Barnhart; The Partners In Health Cross-Site COVID-19 Cohort Technical Working Group,Partners In Health; El Colegio de la Frontera Sur; Harvard University; EsSALUD; Tecnológico de Monterrey; Instituto Nacional de Salud Pública; Dana-Farber/Harvard Cancer Center; Harvard Global Health Institute
TEC-003,"Bernal-Serrano, Daniel",85184031208,10.1016/S0140-6736(23)01690-2,Missing voices from Latin America in the O'Neill–Lancet Commission,2024-02-03,2024,Daniel Bernal-Serrano; Paola Abril Campos; Rafael Velasco-Vazquez,Tecnológico de Monterrey
TEC-003,"Bernal-Serrano, Daniel",85186365775,10.1186/s12884-024-06357-7,"Exploring how non-clinical factors in childbirth care shape users' experiences in public health facilities in rural Chiapas, Mexico: a qualitative study using the WHO health systems responsiveness framework",2024-12-01,2024,Zeus Aranda; Viviana Caamal; Mariana Montaño; Daniel Bernal-Serrano; Sergio Meneses,Partners In Health; Tecnológico de Monterrey
TEC-003; TEC-007,"Bernal-Serrano, Daniel; Duran-Fernandez, Roberto",85191713068,10.2471/BLT.23.290207,Financing for pandemic preparedness and response measures: a systematic scoping review,2024-05-01,2024,Roberto Durán-Fernández; Daniel Bernal-Serrano; Jose Alberto Garcia-Huitron; Raymond Hutubessy,World Health Organization
TEC-004,"Aguilar-Gomez, Sandra",85182550670,10.1016/j.jdeveco.2023.103246,Thermal stress and financial distress: Extreme temperatures and firms' loan defaults in Mexico,2024-05-01,2024,Sandra Aguilar-Gómez; Emilio Gutiérrez; David Heres; David Jaume; Martín Tobal,Universidad de Los Andes; Instituto Tecnológico Autónomo de México; Ibero American University; Bank of Mexico
TEC-004,"Aguilar-Gomez, Sandra",85214919883,10.4324/9781032631110-9,Addressing Environmental Quality Inequities: The Role of Information and Collective Action,2024-01-01,2024,Sandra Aguilar-Gómez,"Universidad de Los Andes, Colombia"
TEC-007,"Duran-Fernandez, Roberto",85192032820,10.2471/BLT.24.291710,Reframing the relationship between the economy and health,2024-05-01,2024,Ritu Sadana; Serife Genc Illeri; Maksym Obrizan; Alberto Huitron; Devika Dutt; Roberto Durán-Fernández,Istanbul Technical University; Kyiv School of Economics
TEC-010; TEC-015,"Peraza-Mues, Gonzalo G.; Ponce-Lopez, Roberto",85161574944,10.1111/gean.12367,Income Segregation Analysis in Limited-Data Contexts: A Methodology Based on Iterative Proportional Fitting,2024-01-01,2024,Gonzalo Peraza‐Mues; Roberto Ponce‐Lopez; Juan Antonio Muñoz Sanchez; F Alanís; Grissel Olivera Martínez; Carlos Brambila Paz,Institute for the Future; Tecnológico de Monterrey
TEC-011; TEC-019,"Silverio-Murillo, Adan; Sobrino, Fernanda",85197541993,10.1016/j.worlddev.2024.106711,Do earthquakes increase or decrease crime?,2024-10-01,2024,Adan Silverio‐Murillo; José Roberto Balmori de la Miyar; Fernanda Sobrino; Daniel Prudencio,Tecnológico de Monterrey; Universidad Anáhuac; Rice University
TEC-011; TEC-019,"Silverio-Murillo, Adan; Sobrino, Fernanda",85207639228,10.1016/j.ijedudev.2024.103144,Examining COVID-19's disruptive effect on education in Mexican universities,2024-11-01,2024,Daniel Prudencio; José Roberto Balmori de la Miyar; Adan Silverio‐Murillo; Fernanda Sobrino,Baker Engineering (United States); Tecnológico de Monterrey; Universidad Anáhuac
TEC-013,"Morales-Arilla, Jose",85141403971,10.1111/ecpo.12236,Gains from globalization and economic nationalism: AMLO versus NAFTA in the 2006 Mexican elections,2024-03-01,2024,Sebastián Bustos; José Morales-Arilla,Harvard University Press; Princeton University
TEC-013,"Morales-Arilla, Jose",85200855957,10.1038/s41597-024-03539-y,GLocal: A global development dataset of subnational administrative areas,2024-12-01,2024,José Morales-Arilla; Shreyas Gadgin Matha,Tecnológico de Monterrey; Harvard University
TEC-014,"Contreras-Loya, David",85201974981,10.1038/s41591-024-03205-1,Effect of a digital school-based intervention on adolescent family planning and reproductive health in Rwanda: a cluster-randomized trial,2024-11-01,2024,Rebecca Hémono; Emmyson Gatare; Laetitia Kayitesi; Lauren A. Hunter; Laura Packel; Nicole Ippoliti; Diego Cerecero-García; David Contreras-Loya; Paola Gadsden; Sergio Bautista‐Arredondo; Félix Sayinzoga; Michael Mugisha; Stefano Bertozzi; Rebecca Hope; Sandra I. McCoy,"Berkeley Public Health Division; University of California, Berkeley; Otherlab; Imperial College London; Tecnológico de Monterrey; Instituto Nacional de Salud Pública; University of Rwanda; University of Washington"
TEC-016,"Gomez-Zaldivar, Fernando",85185443838,10.38191/iirr-jorr.24.007,Economic structure and business cycle synchronization: Evidence from Mexico's states,2024-01-01,2024,Manuel Gómez‐Zaldívar; Fernando Gómez-Zaldívar,Universidad de Guanajuato; Tecnológico de Monterrey; Universidad Juárez del Estado de Durango
TEC-016,"Gomez-Zaldivar, Fernando",85191306086,10.38191/iirr-jorr.24.018,Calculation of Complexity Indices for Mexico: Proposal for a more periodic and robust estimation,2024-01-01,2024,Fernando Gómez-Zaldívar; Manuel Gómez‐Zaldívar; José Luis Carrillo Ramírez,Tecnológico de Monterrey; Universidad de Guanajuato
TEC-018,"Diaz-Dominguez, Alejandro",85186560684,10.1111/lamp.12327,Empathy and attitudes toward protecting migrants from criminal violence,2024-03-01,2024,Rebecca V. Bell-Martin; Alejandro Díaz Domínguez,United States University; University of California San Diego; Tecnológico de Monterrey
TEC-019,"Silverio-Murillo, Adan",85147291971,10.1080/00324728.2023.2168298,The (temporary) Covid-19 baby bust in Mexico,2024-01-01,2024,Adan Silverio‐Murillo; Lauren Hoehn‐Velasco; José Roberto Balmori de la Miyar; Judith Senyancen Méndez Méndez,Tecnológico de Monterrey; Georgia State University; Universidad Anáhuac
TEC-019,"Silverio-Murillo, Adan",85178159995,10.1016/j.puhe.2023.10.039,The COVID-19 pandemic and non-COVID-19 healthcare utilization in Mexico,2024-01-01,2024,Adan Silverio‐Murillo; Lauren Hoehn‐Velasco; José Roberto Balmori de la Miyar; Judith Senyacen Méndez Méndez,Tecnológico de Monterrey; Georgia State University; Universidad Anáhuac
TEC-019,"Silverio-Murillo, Adan",85188180855,10.1007/s11115-024-00765-1,The Effect of the COVID-19 Pandemic on Risk of Corruption,2024-12-01,2024,Adan Silverio‐Murillo; Daniel Prudencio; José Roberto Balmori de la Miyar,Tecnológico de Monterrey; Rice University; Universidad Anáhuac
TEC-019,"Silverio-Murillo, Adan",85205436526,10.1016/j.jebo.2024.106738,What's in a name? Evidence of transgender labor discrimination in Mexico,2024-11-01,2024,Alejandra Martínez-Alfaro; Adan Silverio‐Murillo; José Roberto Balmori de la Miyar,Tecnológico de Monterrey; Centre for Effective Dispute Resolution
TEC-019,"Silverio-Murillo, Adan",85206085081,10.1080/13545701.2024.2407614,Earthquakes and Crimes Against Women,2024-01-01,2024,Adan Silverio‐Murillo; Fernanda Márquez‐Padilla; José Roberto Balmori de la Miyar,Tecnológico de Monterrey; El Colegio de México; Universidad Anáhuac
TEC-020,"Villarreal, Héctor J.",85192528884,10.1186/s12889-024-18767-5,"Diabetes, life course and childhood socioeconomic conditions: an empirical assessment for Mexico",2024-12-01,2024,Marina Gonzalez-Samano; Héctor J. Villarreal,Tecnológico de Monterrey
TEC-001,"Molina-Perez, Edmundo",105013320148,10.3389/fenvs.2025.1553675,Using a robust decision making (RDM) approach to explore current and future vulnerabilities of a semi-arid coastal basin: a case study of the Quilimarí basin in Chile,2025-01-01,2025,David Figueroa Poblete; Sebastián Vicuña; Sebastián Aedo; Edmundo Molina-Pérez; Hermilo Cortés; Óscar Melo; Anahí Ocampo‐Melgar; Kiara Tesen; Francisco Suárez; Juan Pablo Herane; Francisco Meza; Katherine Duarte; Diego González; Sarah Leray; Megan E. Williams; Aurora Gaxiola; Gabriela Alfaro; David Morales-Moraga,Pontificia Universidad Católica de Chile; University of Valparaíso; Research Center for Integrated Disaster Risk Management; Stockholm Environment Institute; Tecnológico de Monterrey; University of Chile; University of Piura; Centre For Sustainable Urban Development
TEC-001,"Molina-Perez, Edmundo",105015077202,10.1016/j.engappai.2025.112098,Groundwater parameters estimation: A hybrid approach of convolutional layers with asynchronous and distributed bio-inspired algorithms,2025-12-09,2025,Kiara Tesen; Hermilo Cortés; Sebastián Vicuña; Edmundo Molina-Pérez; Francisco Suárez,University of Piura; Pontificia Universidad Católica de Chile; Centre For Sustainable Urban Development; Tecnológico de Monterrey
TEC-003,"Bernal-Serrano, Daniel",105022208849,10.1016/j.puhe.2025.105985,Political priority of adolescent mental health in Mexico: An exploratory mixed-methods study,2025-12-01,2025,Regina Ambe-Cohen; Daniel Bernal-Serrano; Olivia Biermann; Yusra Ribhi Shawar; Zeus Aranda,Tecnológico de Monterrey; London School of Hygiene & Tropical Medicine; Karolinska Institutet; Johns Hopkins University; Partners In Health
TEC-003; TEC-014,"Bernal-Serrano, Daniel; Contreras-Loya, David",85215259458,10.1016/j.socscimed.2024.117646,Quality of information and social norms in Spanish-speaking TikTok videos as levers of commercial practices: The case of semaglutide,2025-02-01,2025,Paola Abril Campos; Berenice Alfaro–Ponce; Michelle Ramírez-Pérez; Daniel Bernal-Serrano; David Contreras-Loya; Veronika J. Wirtz,Tecnológico de Monterrey; Federal Government of Mexico; Boston University
TEC-004,"Aguilar-Gomez, Sandra",105005155026,10.1088/2752-5295/adcb62,"Gender gaps in knowledge, attitudes, and practices related to environmental degradation in Colombia",2025-06-30,2025,Sandra Aguilar-Gómez; Juan-Camilo Cárdenas; Camila Galindo; Jorge Leonardo Rodríguez Arenas; Daniela Vlasak-González,Universidad de Los Andes
TEC-004,"Aguilar-Gomez, Sandra",105016018619,10.1016/j.jeem.2025.103215,Adaptation and mitigation of pollution: Evidence from air quality warnings,2025-11-01,2025,Sandra Aguilar-Gómez,Tecnológico de Monterrey
TEC-004,"Aguilar-Gomez, Sandra",86000243956,10.1073/pnas.2407064122,Environmental justice beyond race: Skin tone and exposure to air pollution,2025-03-11,2025,Sandra Aguilar-Gómez; Juan-Camilo Cárdenas; Ricardo Salas Díaz,Ecolab (United States); Universidad de Los Andes; University of Massachusetts Amherst; Dartmouth College; Dartmouth Hospital
TEC-005,"Campos-Rivera, Paola Abril",105019267880,10.1016/S2214-109X(25)00406-1,"Global health reimagined: proposed functions, structures, and forms from five regions",2025-11-01,2025,Shadi Saleh; Paola Abril Campos Rivera; Kelley Lee; Swee Kheng Khor; Catherine Kyobutungi,Tecnológico de Monterrey; Simon Fraser University; African Population and Health Research Center
TEC-006,"Garcia, Magdalena",105013660869,10.1057/s41284-025-00505-0,Shifting Cartel powers: an examination of the impact on U.S. and Mexican law enforcement,2025-03-01,2025,Ghaleb Krame; Amanda Davies; María Magdalena García Rodríguez; Noe Vazquez,Universidad Anáhuac; Charles Sturt University; Tecnológico de Monterrey; Universidad Marista
TEC-007,"Duran-Fernandez, Roberto",105019584875,10.1111/lamp.70030,Amazonia: A Puzzle Between Development and Sustainability?,2025-12-01,2025,Roberto Durán-Fernández; Taciana de Carvalho Coutinho,Tecnológico de Monterrey; Universidade Federal do Amazonas
TEC-009,"Popper, Steven W.",105022832615,10.1038/s41560-025-01867-w,Informed investments in clean energy technologies,2025-12-01,2025,Jessika E. Trancik; Erin Baker; Gregory F. Nemet; Magdalena M. Klemun; Rebecca Hanes; Kavita Surana; D. J. Arent; Samuel F. Baldwin; Steven A. Gabriel; Steven W. Popper; Valentina Bosetti; Max Henrion; Giacomo Marangoni; Rupert Way,"Santa Fe Institute; Massachusetts Institute of Technology; University of Massachusetts Amherst; University of Wisconsin–Madison; Johns Hopkins University; National Laboratory of the Rockies; Vienna University of Economics and Business; Complexity Science Hub; University of Maryland, College Park; Brunswick (United States); Norwegian University of Science and Technology; Aalto University; Tecnológico de Monterrey; RFF-CMCC European Institute on Economics and the Environment; Bocconi University; Decision Systems (United States); Delft University of Technology; University of Oxford"
TEC-010,"Peraza-Mues, Gonzalo G.",105023203711,10.1016/j.uclim.2025.102716,Development and validation of the Global Urban Heat Vulnerability Index (GUHVI),2025-12-01,2025,Ryan Turner; Carl Higgs; Qian Sun; Eugen Reséndiz; Ke Peng; X Cheng; Ruth F. Hunter; Geoff Boeing; Daria Pugacheva; Ruoyu Chen; Deepti Adlakha; Vedankur Kedar; Giovani Longo Rosa; Adewale L. Oyeyemi; Rossano Schifanella; Pau Serra del Pozo; Gonzalo Peraza‐Mues; Joanna Sara Valson; Ester Cerin; Anna Puig‐Ribera; Erica Hinckson; Melanie Lowe,RMIT University
TEC-010; TEC-015,"Peraza-Mues, Gonzalo G.; Ponce-Lopez, Roberto",105034993532,10.1016/j.latran.2025.100032,Imputing informal workers for transportation modeling in Latin America by the use of machine learning techniques,2025-12-01,2025,César Maia de Souza; Roberto Ponce‐Lopez; Gonzalo Peraza‐Mues; Alejandro Antonio Dominguez-Cristerna; Eric J. Miller,University of Toronto; Tecnológico de Monterrey
TEC-010; TEC-015; TEC-016,"Gomez-Zaldivar, Fernando; Peraza-Mues, Gonzalo G.; Ponce-Lopez, Roberto",105007870182,10.1016/j.apgeog.2025.103690,The interplay of economic complexity and urban sprawl in shaping socio-spatial segregation in Mexico,2025-08-01,2025,Marco Cruz-Sandoval; Fernando Gómez-Zaldívar; Gonzalo Peraza‐Mues; Roberto Ponce‐Lopez,Institute for the Future; Tecnológico de Monterrey
TEC-011; TEC-019,"Silverio-Murillo, Adan; Sobrino, Fernanda",85185336090,10.1007/s11292-024-09611-2,Shifts in property crime patterns during the COVID-19 pandemic in Mexico,2025-09-01,2025,José Roberto Balmori de la Miyar; Fernanda Sobrino; Adan Silverio‐Murillo; Daniel Prudencio,Universidad Anáhuac; Tecnológico de Monterrey; Rice University
TEC-011; TEC-019,"Silverio-Murillo, Adan; Sobrino, Fernanda",85211376381,10.1177/17488958241302274,Organized crime after earthquakes,2025-02-01,2025,Adan Silverio‐Murillo; Enrique García‐Tejeda; Fernanda Sobrino; José Roberto Balmori de la Miyar; Daniel Prudencio,Tecnológico de Monterrey; Centro de Investigación y Docencia Económicas; Universidad Anáhuac
TEC-013,"Morales-Arilla, Jose",105005590351,10.1016/j.jdeveco.2025.103500,"Escaping from hardship, searching for comfort: Climate matching in refugees' destination choices",2025-09-01,2025,José Morales-Arilla; Diego A Martin; Abelardo Morales,Tecnológico de Monterrey; Harvard University Press
TEC-013,"Morales-Arilla, Jose",105012882370,10.1086/732950,Opponent Campaign Visits in Dominant Party Regimes,2025-04-01,2025,José Morales-Arilla,Tecnológico de Monterrey
TEC-013,"Morales-Arilla, Jose",85208370009,10.1017/XPS.2024.13,Transparent Corruption: The Effect of Illicit Connections and Trusted References on the Demand for Bureaucratic Intermediation,2025-06-01,2025,José Morales-Arilla; Ana Ibarra,Tecnológico de Monterrey; Universidad Católica Andrés Bello
TEC-014,"Contreras-Loya, David",85215357901,10.1186/s12939-024-02374-2,Ethnic and racial discrimination in maternal health care in Mexico: a neglected challenge in the search for universal health coverage,2025-12-01,2025,Edson Serván‐Mori; Sergio Meneses-Navarro; Rocio Garcia‐Diaz; Diego Cerecero-García; David Contreras-Loya; Octavio Gómez‐Dantés; Arachu Castro,Instituto Nacional de Salud Pública; Tecnológico de Monterrey; Imperial College London; Tulane University
TEC-015,"Ponce-Lopez, Roberto",105015068806,10.1016/j.geoforum.2025.104395,Mapping the actors: Anchor institutions and walkability projects in Southern Mexico City,2025-11-01,2025,Eugen Reséndiz; Ryan Anders Whitney; Roberto Ponce‐Lopez,Institute for the Future; Tecnológico de Monterrey
TEC-016,"Gomez-Zaldivar, Fernando",105019158880,10.1201/9781003501619,Digital Technologies for Sustainable Manufacturing,2025-01-01,2025,Arturo Molina; Alex Elı́as-Zúñiga; Dora I. Medina; Fernando Gómez-Zaldívar; Juana Isabel Méndez; Pedro Ponce; Rita Q. Fuentes‐Aguilar; Alejandro Montesinos‐Castellanos,Tecnológico Nacional de México
TEC-018,"Diaz-Dominguez, Alejandro",105008653447,10.2979/jfs.00029,"WOMEN, PRIESTHOOD, AND CATHOLIC CELIBACY An Empirical Approach in Latin America",2025-03-01,2025,Alejandro Díaz Domínguez,"Vanderbilt University; Tecnológico de Monterrey; Secretaría de Ciencia, Humanidades, Tecnología e Innovación"
TEC-018,"Diaz-Dominguez, Alejandro",105014895391,10.22201/iij.24484873e.2025.173.20069,Ideal Points in Mexico's Congress: ¿Individual Traits or Partisan Ties?,2025-05-01,2025,Alejandro Díaz Domínguez,Tecnológico de Monterrey
TEC-018,"Diaz-Dominguez, Alejandro",85165254754,10.1080/13597566.2023.2235281,Thirty years of Mexico' state elections. What explains subnational alternations?,2025-01-01,2025,Alejandro Díaz Domínguez,Tecnológico de Monterrey
TEC-018,"Diaz-Dominguez, Alejandro",85217221499,10.1007/s41603-024-00275-4,"Religious Confidence in the North American Free Trade Agreement (NAFTA) in Mexico, 1996–2018",2025-06-01,2025,Alejandro Díaz Domínguez,Tecnológico de Monterrey
TEC-019,"Silverio-Murillo, Adan",105002288137,10.1016/j.pmedr.2025.103062,Violent crime victimization and mental health among adolescents in Mexico,2025-05-01,2025,José Roberto Balmori de la Miyar; Sharon Tennyson; Adan Silverio‐Murillo; José A. Pagán,Universidad Anáhuac; Cornell University; Policy Analysis (United States); Tecnológico de Monterrey; New York University
